{"Name": "random_train_2023/12/03-14:43:06", "CurrentGameRewards": [0.8047189562170501, 0.8047189562170501, 0.8047189562170501, 0.6931471805599453, 0.8047189562170501, 0.8047189562170501, 0.8047189562170501, 0.8047189562170501, 0.8047189562170501, 0.8047189562170501, 0.8047189562170501, 0.8047189562170501, 0.8047189562170501, 0.6931471805599453, 0.8047189562170501, 0.5493061443340549, 0.8047189562170501, 0.6931471805599453, 0.8047189562170501, 0.8047189562170501, 0.8047189562170501, 0.8047189562170501, 0.8047189562170501, 0.8047189562170501, 0.8047189562170501, 0.6931471805599453, 0.8047189562170501, 0.8047189562170501, 0.8047189562170501, 0.8047189562170501, 0.8047189562170501, 0.8047189562170501, 0.8047189562170501, 0.8047189562170501, 0.5493061443340549, 0.8047189562170501, 0.6931471805599453, 0.8047189562170501, 0.8047189562170501, 0.8047189562170501, 0.8047189562170501, 0.8047189562170501, 0.8047189562170501, 0.8047189562170501, 0.8047189562170501, 0.8047189562170501, 0.6931471805599453], "AllGameRewardsSummed": [], "NoGamesPlayer": 0, "NoWonGames": 0, "NoLostGames": 0, "NoTimeouts": 0}